"Gene_Name","Sample_1.hi","Sample_2.hi","Sample_3.hi","Sample_4.low","Sample_5.low","Sample_1.low"
"Gene_a",3.49712095981354,2.83614429872969,5.41487705687017,2.69976387744412,3.51008768673755,3.86976684463433
"Gene_b",3.00097363841984,2.5429649569337,3.28739817816093,4.31025803767487,4.38932134322533,4.8308440937955
"Gene_c",7.20532071260978,3.52532535398926,4.73560051063834,3.00362474511609,4.11108263303189,2.47317362591073
"Gene_d",3.3563058796125,4.96900184134357,2.62348100752346,7.23496673650933,8.13010136137947,8.95593168687094
"Gene_e",10.0271967729218,10.1407538684364,10.6047402747638,3.90894542167765,3.99670298398573,5.19563848330896
"Gene_f",10.0124231877616,9.8078247764767,10.8295107348852,2.64409988319576,4.76079909066589,4.50076605858159
"Gene_g",11.1239248737884,9.12733645452779,10.3502657341616,11.433850427203,9.85417113651605,9.70876383869804
"Gene_h",10.8026181676229,9.14194539785854,10.5667780294524,10.1504685738127,8.96890467124645,7.96528623164506
