"Gene_Name","Sample_1.hi","Sample_2.hi","Sample_3.hi","Sample_4.low","Sample_5.low","Sample_1.low"
"Gene_a",2.55636747173803,2.67720256679087,3.52317533192887,2.99931222251254,3.99683813451368,2.75885630996922
"Gene_b",2.51523803197121,4.70107294212923,4.04224014116523,4.68386521196604,4.88404991003934,6.28241725241985
"Gene_c",3.5478412129793,3.01815588291531,3.08932475675766,4.42302756041457,3.21601433453587,3.66292726446974
"Gene_d",4.65067261865288,2.74949366171817,3.88192054927981,8.216058048301,6.43387107439252,7.17726118470709
"Gene_e",8.9297824739403,9.4099609244199,10.8015309063189,3.62477100570664,3.1465711860498,3.46214676797759
"Gene_f",11.2393902146217,8.62597635786186,8.4024890892548,4.02522015505535,3.88984035347659,2.2211415554316
"Gene_g",9.55684329032695,10.5163862829797,9.74350332895514,10.8711106034036,9.16431248287661,11.0236667652353
"Gene_h",11.1244458248205,8.71911131085752,11.5290307940041,10.2222737489488,11.3221463953104,9.00240002334574
