"Gene_Name","Sample_1.hi","Sample_2.hi","Sample_3.hi","Sample_4.low","Sample_5.low","Sample_1.low"
"Gene_a",3.64233535113115,2.37344392013271,4.1002815729637,4.45008314002498,5.63461481349782,1.64199601833934
"Gene_b",2.7109818974186,5.13631060619647,3.69349915120669,3.93870909059922,3.92592644840051,2.56513729515761
"Gene_c",3.88089408451951,4.17607888905109,4.77082692325514,4.44994456959965,2.82917255470238,5.08728201831355
"Gene_d",4.82252433593168,4.60373721929836,4.11652152315068,7.40524170675076,9.8226655490488,8.32003835553748
"Gene_e",10.3719038535167,9.8796716912243,10.7379760515264,5.04996599258576,2.54994481482017,4.30078652781018
"Gene_f",9.91835276514224,9.34909718976309,9.1196300805696,2.98074600491531,3.95378268008986,3.1798258689508
"Gene_g",10.655304449883,8.14744571080725,10.4099242377821,10.1512468045746,9.77894892512785,10.6408446268003
"Gene_h",10.1665961688881,10.9281255296484,10.5336718796152,10.7802104197959,12.4775319123693,9.58850270739081
