"Gene_Name","Sample_1.hi","Sample_2.hi","Sample_3.hi","Sample_4.low","Sample_5.low","Sample_1.low"
"Gene_a",5.12440146054951,6.55054614479321,2.56831970966378,5.31291919584178,3.7433703150694,3.95421010418191
"Gene_b",3.11531494326147,4.26476946493879,5.89288041382628,3.19142724763135,5.00991693751837,4.98936629718622
"Gene_c",4.5149155053147,3.26673999556411,4.00069007927844,3.53965686536309,4.15513328163067,1.49148221945308
"Gene_d",4.09025418459121,4.20284607844406,2.26464915866504,9.38509815455807,8.68837468063142,5.8995945420977
"Gene_e",9.99986048553325,8.95292903412867,10.105967741038,1.85257187819024,3.11306446510867,3.33550672403066
"Gene_f",9.80904674195795,9.56840351997308,9.71410627953184,4.30727145030626,2.95317012241405,2.16620346190791
"Gene_g",11.6135839594978,10.9812965860187,11.9928538121628,9.66076206192574,10.4266819693635,10.4055106975406
"Gene_h",11.1805718481519,7.33030382334393,11.9679090323863,9.36287330535398,10.5218347031882,10.9985100332179
