"Gene_Name","Sample_1.hi","Sample_2.hi","Sample_3.hi","Sample_4.low","Sample_5.low","Sample_1.low"
"Gene_a",4.27427958590887,4.90559976535109,5.63406600435313,4.5910072017527,0.60309089702988,5.05788514423222
"Gene_b",3.70811351573728,2.50759722640083,2.74468094676271,3.36848994917053,2.2432543903235,2.92814823843537
"Gene_c",4.81490559218888,5.39853558567243,2.97691196973268,4.49476005286155,4.56666850032567,3.62922085436752
"Gene_d",3.67328163515558,3.63821403537225,2.72026309285177,7.22315775859611,10.2345130831344,6.5846412211891
"Gene_e",10.1274398392292,10.6303215296243,10.5873467714837,3.94756156757613,3.42237786459875,2.55942771397323
"Gene_f",10.1343470681565,8.92593520736618,9.13074754623279,3.74923519773086,3.23478037660336,1.97418306936095
"Gene_g",7.48546843802016,10.2149242145844,10.7516457386276,6.89758996870876,10.1871750314157,9.83280516534673
"Gene_h",7.93191188027482,9.43644899013063,10.1501067964393,10.1902703421831,9.8158174650337,10.2834575693326
