"Gene_Name","Sample_1.hi","Sample_2.hi","Sample_3.hi","Sample_4.low","Sample_5.low","Sample_1.low"
"Gene_a",3.92254190944839,6.6251465383917,1.87840488923298,2.71293947476066,3.70994079889736,2.51301197540925
"Gene_b",1.95378653345267,2.14721565574397,5.29809653632225,4.58483204178515,5.63261644310577,3.45472925921885
"Gene_c",4.64460634142348,3.38962771225798,3.37043878736381,3.01034122164402,2.42283561737951,3.21058495390807
"Gene_d",2.5575043502101,6.20773435234533,4.79217620835174,9.10441003350584,9.3203057074422,8.89409508423845
"Gene_e",8.76538112191935,10.6609865706231,8.41723816166168,2.57932729424413,3.44468413592619,1.32038200269253
"Gene_f",8.83648843065578,9.6397472159702,8.63909571690747,3.64862833128726,2.7774537486601,4.25007638792061
"Gene_g",9.33504035683286,10.6092297720006,11.7569370786614,9.39530760242936,10.4126763438216,8.77006289730392
"Gene_h",10.1304161683254,9.49515144459171,9.57539150731291,10.1058435317823,9.81141176859824,8.86638270366378
