"Gene_Name","Sample_1.hi","Sample_2.hi","Sample_3.hi","Sample_4.low","Sample_5.low","Sample_1.low"
"Gene_a",2.63892374146538,3.11223783394996,4.28165904090849,3.82004902752074,4.96225841051948,4.29491710338048
"Gene_b",6.18335532414764,5.51683024727549,3.90987484680355,4.06517241054704,2.83632032777008,4.77150780073331
"Gene_c",3.77656499387688,4.82072648586416,3.22000871244797,3.32557354546871,6.25939071378897,5.11830203207053
"Gene_d",3.726950626189,2.28516576137165,4.07845877275588,7.47166470393362,7.02071688643722,6.11254166182442
"Gene_e",12.8030424331476,10.2116925329254,11.1391794571481,2.60445474683825,3.64375309723222,3.4763575136039
"Gene_f",10.3857537096192,9.49156100815963,11.3272281753324,3.26416059962702,3.27325639945541,5.59682528287561
"Gene_g",10.1859753986665,8.69535602065182,11.4887948504823,10.1036324668684,12.4327518223992,10.3486017633595
"Gene_h",8.85771932716229,10.0327565135632,10.321191429768,10.8227621394953,11.6160332891338,10.404482918934
