"Gene_Name","Sample_1.hi","Sample_2.hi","Sample_3.hi","Sample_4.low","Sample_5.low","Sample_1.low"
"Gene_a",3.75236719759268,4.85386088423324,3.6072634338772,3.85363705235248,5.88761810746747,5.10195122849438
"Gene_b",4.04901596123996,3.46226441828334,3.79194249342231,1.66640668798841,3.29247355183966,3.31064375724676
"Gene_c",2.73095179290451,3.000348308277,4.22328885096947,2.75646532263631,3.78895935800097,2.49370555540381
"Gene_d",2.9626502702084,3.611770604833,3.09394445680773,9.18710340865481,6.13914327707956,7.46004040003538
"Gene_e",9.80454197493241,10.9572740083997,10.1265359564393,3.409751093953,3.07593218038041,3.1597902324525
"Gene_f",10.5608193071632,9.20847792058297,9.95727711282114,2.25821558389371,2.19593957327468,2.95245618646653
"Gene_g",10.5674759644673,10.0859556082602,10.3007669626254,8.88925968605717,8.37026903075161,8.47080334400778
"Gene_h",10.7156860470657,9.75054614033397,8.84662868426637,11.0010758791604,10.005059544392,10.0272315826573
