"Gene_Name","Sample_1.hi","Sample_2.hi","Sample_3.hi","Sample_4.low","Sample_5.low","Sample_1.low"
"Gene_a",2.89098383304505,4.30868398788058,3.61425962496473,4.00159771153325,3.30484829860421,3.91888556963165
"Gene_b",4.00614594900085,4.62564258337925,3.12263356636563,1.53948191498472,3.12363160119987,5.50898318663756
"Gene_c",2.91970946497657,1.77896333359095,2.13821959067669,4.7548700534557,3.37499727867294,3.68405886512631
"Gene_d",3.31669650318146,3.47625704967669,3.30216499477525,8.54501807708068,6.13976156366784,8.13905317682815
"Gene_e",10.4546154098877,10.1203451563587,9.51297272145321,2.93414510625451,1.90122495110085,2.91637182700868
"Gene_f",12.7311436676844,10.7654975017969,10.7789500033593,4.46952382961731,4.51620892569534,2.9483471989505
"Gene_g",9.33872756851897,9.99137334930457,9.78603698168093,9.58247197716719,8.76021456218229,8.24374790713281
"Gene_h",10.0075226553931,8.4395555790599,10.0160177671811,8.63756188047893,11.277834210146,10.206815534223
