"Gene_Name","Sample_1.hi","Sample_2.hi","Sample_3.hi","Sample_4.low","Sample_5.low","Sample_1.low"
"Gene_a",3.09180525658247,2.74836938250389,3.4305925840437,2.7173560756244,4.22106627294971,3.69500271262626
"Gene_b",5.28178940815426,3.53795533387334,5.17336058856643,5.21806951376625,4.08161522408207,6.46575306305251
"Gene_c",3.75786045630891,3.82978040021127,2.34804686538332,2.67479703810369,4.45102598807404,3.81358197422263
"Gene_d",1.33579025608119,3.94595834625579,5.32859277182343,6.62700349891884,10.0934593364153,9.58051152391437
"Gene_e",10.5106861895321,7.72616470109126,9.88650428096109,2.93672777897323,1.95015897172942,3.72179283946421
"Gene_f",11.0826091459132,8.8780993591512,8.91036448713191,5.34022525675891,2.28880090242988,3.5656075996105
"Gene_g",10.051879243271,8.6151604593157,9.25159179963518,10.6503447245894,10.4610707665189,9.27351398939177
"Gene_h",9.39424187651619,10.2236593960993,10.9740479998239,10.6956829558398,9.82601836717128,11.5373732291901
