"Gene_Name","Sample_1.hi","Sample_2.hi","Sample_3.hi","Sample_4.low","Sample_5.low","Sample_1.low"
"Gene_a",3.17419929286596,5.17793214643085,3.21266054716687,4.61773450541165,4.78058819652289,4.48998465530671
"Gene_b",4.75542151012329,4.31210153934011,6.07138715603599,4.42938864160792,4.72312825657491,4.66106804254086
"Gene_c",5.17527709664676,3.34805435689012,4.82746909062373,5.17900942288769,3.07904353629358,4.96583025359527
"Gene_d",6.2362296179515,2.39406978070201,4.94029230658682,7.60998305605015,9.90541451013188,7.56292486848211
"Gene_e",10.1388164313053,9.85898294140781,10.597042361545,3.05691788477763,3.52507568579884,2.91593289959845
"Gene_f",8.30115526075055,9.07349437966041,9.4653249280489,2.80477815655325,2.00872960057841,2.71191631938272
"Gene_g",9.01892337616699,10.1303782209601,9.50490882749214,10.2791150448132,10.2485881054588,9.90477837076324
"Gene_h",11.2419037473468,10.61469158335,11.6357837332974,10.9909237276396,9.36882366837257,7.96317757041783
