"Gene_Name","Sample_1.hi","Sample_2.hi","Sample_3.hi","Sample_4.low","Sample_5.low","Sample_1.low"
"Gene_a",3.5718793862145,4.5605231901448,3.39356030801571,3.85811151586045,2.83739837153169,4.22863659608438
"Gene_b",3.20498225755984,4.08693974229175,4.23709604538333,2.27209035067061,4.7234965986375,2.55783559417007
"Gene_c",3.90409303875417,3.79206053173846,3.14504636771596,4.42365886886224,1.93334754619067,3.91608173887976
"Gene_d",4.14800596736105,4.97047269559937,4.51663087132066,8.41120293043316,8.3448938919138,7.82472680313115
"Gene_e",11.276745154135,9.42770634550189,9.94151535754309,4.84402298430299,3.08874770044781,3.48293860034853
"Gene_f",9.69130654479562,8.84707299463602,10.3278629670827,3.02382943255768,1.57141223020788,3.69142583738865
"Gene_g",10.5116152026523,8.11272968910975,11.315737398808,10.5457373623877,11.0160378134534,9.91872780030514
"Gene_h",9.58493036784523,10.1829591738747,10.1199671395847,9.17231535844096,10.7035828604728,8.54742081149136
