"Gene_Name","Sample_1.hi","Sample_2.hi","Sample_3.hi","Sample_4.low","Sample_5.low","Sample_1.low"
"Gene_a",2.81322107966481,4.47735964005225,5.5854600432898,3.49635129269485,4.44718599441796,3.00271551796813
"Gene_b",4.84580009364899,4.53880515999127,4.34672939632782,3.65413343834724,2.55365402078684,3.72121571372345
"Gene_c",4.54639963701555,4.26095052456426,2.84311062850905,5.32134785963253,5.25887896810253,4.19673433451876
"Gene_d",4.93288153173742,5.22148727125082,4.74499560702841,10.0800485004404,8.27314105407485,7.5591912057356
"Gene_e",9.46055548843716,8.8886291708028,10.1174155270533,1.43186494561398,3.94912690051462,4.1719709550827
"Gene_f",11.4760194675936,9.80531951105615,9.86004385179686,2.29538625902006,2.60426125086607,2.4754738698334
"Gene_g",10.606936985996,10.49901544019,9.5078138988095,11.5248303672339,10.1656223775084,10.2777499064229
"Gene_h",10.1874207091986,10.0907465214393,8.24400252738454,10.0057922533785,9.35157229519761,10.5253491364444
