"Gene_Name","Sample_1.hi","Sample_2.hi","Sample_3.hi","Sample_4.low","Sample_5.low","Sample_1.low"
"Gene_a",1.43423152018178,3.84782711151991,4.75390495560466,2.023302315763,4.81515011357288,4.98313403416775
"Gene_b",6.92089558441559,4.37584805851097,4.17458901659313,3.33530540363193,3.32235802584219,3.40171364927315
"Gene_c",4.41838984222822,3.43666599890577,4.50416486240633,2.77709163223148,3.21772140500331,3.67246880656317
"Gene_d",3.35898341341197,2.07194756688848,3.12671673829233,7.96014472408775,7.54959309574215,8.42099928327986
"Gene_e",8.78950003534429,10.0759660196035,8.75700198034324,2.37590352985808,2.65539361862815,3.28045158208654
"Gene_f",10.1011180667725,10.3191104684992,9.91067594305059,2.68160097877416,1.19163948586673,2.32362418683887
"Gene_g",11.0261752011031,8.74717453732437,11.0236885255492,10.1825690200719,9.97523189129605,8.99093779290384
"Gene_h",9.75806326313735,11.5703424005922,10.9586346680117,10.5575371579107,10.2851511523736,11.1316068932462
