"Gene_Name","Sample_1.hi","Sample_2.hi","Sample_3.hi","Sample_4.low","Sample_5.low","Sample_1.low"
"Gene_a",3.28799805830724,4.61541608093843,4.53059962728402,3.59013863496157,3.8190781197446,4.99634206244068
"Gene_b",4.01213146492193,3.71778204121124,3.9811928747809,5.90926935924894,4.48510963689757,2.26701196428054
"Gene_c",0.0470111668887343,4.79860415004896,3.90762247185479,4.65435116171331,3.61048272962636,4.46325520484462
"Gene_d",3.1330297195978,3.28580768151829,4.03708556588241,7.27018473873658,6.41102858060926,10.1452535059996
"Gene_e",8.96132280727104,8.29080606556464,10.8585679007975,3.14025538716742,1.39823843380675,3.39382482158099
"Gene_f",11.4525259619124,9.87950333221176,10.0185093977505,2.68327014713841,2.37661518874751,2.34486344915423
"Gene_g",11.0489943696496,9.15532636936009,7.19849683327461,11.6674412199724,9.21659001499744,11.7993331858718
"Gene_h",8.96304019746911,10.2030609146707,10.9067631268633,10.8856433848029,8.92334593056051,9.78302494517612
