"Gene_Name","Sample_1.hi","Sample_2.hi","Sample_3.hi","Sample_4.low","Sample_5.low","Sample_1.low"
"Gene_a",2.92794768127516,3.92469935421758,3.76328875359172,3.20393358006423,4.84003859099881,2.16246592594459
"Gene_b",4.349450330094,4.14550969709582,6.00048217059066,2.67652346232233,5.34020738048481,3.88357348712661
"Gene_c",4.26235591965269,4.79730614959715,4.06910822718508,3.87156682708421,4.22738688107547,4.84362711034828
"Gene_d",2.76983028639351,6.02705232884778,6.38059456282174,7.85393142761455,6.16696644372883,6.88523881321799
"Gene_e",10.4848025226345,9.96767660656314,8.54782823349908,1.99835355195043,3.18963351824273,4.44477756989048
"Gene_f",9.70348271681742,9.00206911477918,11.267905603514,3.24144997648486,1.81940360869359,3.86394647157919
"Gene_g",10.1172814660543,8.38631368340586,10.2637528822489,11.5397491433244,11.9142166273667,10.0565456556012
"Gene_h",11.204062221424,10.8952616738356,10.8620789315755,11.9969966784407,10.5176793017138,9.2299271219094
