"Gene_Name","Sample_1.hi","Sample_2.hi","Sample_3.hi","Sample_4.low","Sample_5.low","Sample_1.low"
"Gene_a",4.28106341965708,4.02176817011987,4.21850225950288,3.59419942711488,3.76095432180753,3.74321170936618
"Gene_b",4.42149906822876,2.41729568573702,3.84221590564921,2.28864052065613,4.70206084794695,2.81032148307396
"Gene_c",3.53741755471002,3.41759103196089,4.70002559916764,2.49963461905391,1.3060947469588,2.73720521605967
"Gene_d",5.11376804272302,5.55388940163831,4.84027388977528,7.74805919874756,6.97759021281392,7.32262306436343
"Gene_e",7.79925689872115,10.2384257633391,7.78783170536018,3.04168572754841,3.49419093426906,3.10517570251508
"Gene_f",9.11445400279766,9.85036286883612,10.5333941472953,1.82718517400297,3.71107290706687,1.67559954207174
"Gene_g",10.6939167696752,9.90040988389452,9.51451143321017,9.15794313190398,10.5547933581711,9.45573593414676
"Gene_h",7.86021898856698,10.5839134984733,11.1591406775259,11.3617826340613,10.2205124367786,10.6953097888904
