"Gene_Name","Sample_1.hi","Sample_2.hi","Sample_3.hi","Sample_4.low","Sample_5.low","Sample_1.low"
"Gene_a",5.45778858575339,1.61931917059089,4.44192884736664,5.71157796069303,4.64954330386138,3.1581546107954
"Gene_b",1.78305236473649,4.13376142906877,5.96522866788343,2.47225993776668,3.72061633903442,3.14311625724195
"Gene_c",2.1323560092256,2.8613070058765,3.05435674735939,3.28119729040407,4.58480333224501,4.63641475250932
"Gene_d",5.10983650914186,4.29542333367118,4.8671112995908,9.49019888269484,6.78935866100444,7.71724402442524
"Gene_e",10.3697328444722,9.73927520593942,8.32930114182239,3.48772545631378,3.68707263031082,4.69324864948503
"Gene_f",9.58139054010822,10.0437504878963,9.30931442278439,3.8787667263025,3.14525758558733,3.35927925340871
"Gene_g",8.98037976740655,10.9381514811943,10.3488018647397,9.0559594030691,9.74669830114536,10.143788794711
"Gene_h",10.4150368156223,9.20630947390037,8.83651343585196,8.97497084337937,11.1023091299114,11.2877047226562
