"Gene_Name","Sample_1.hi","Sample_2.hi","Sample_3.hi","Sample_4.low","Sample_5.low","Sample_1.low"
"Gene_a",4.72294716232389,2.88286109225648,3.43016108672083,4.13140945902387,4.34795722255264,3.22553597473318
"Gene_b",5.07310983142339,3.9847150431272,1.70755213538178,3.88994021048229,4.75874212666985,4.92287939194194
"Gene_c",2.88487421236485,4.28552841318307,3.2303456306159,3.45183146157895,4.7388595496941,2.53494193053407
"Gene_d",4.34612767065095,3.3974236135563,4.38830742632616,8.88152342694316,7.45576910444921,6.69540202071191
"Gene_e",8.88687636449269,10.6288377344359,11.8606440163894,2.47158484055177,4.14828253899377,1.52332499131035
"Gene_f",10.4800630447445,7.93398233292707,9.6554472108782,2.18460611447838,3.78109858405303,2.4501773523981
"Gene_g",8.81381964882648,10.7624133660657,11.5364338547631,10.6699914597693,10.326442138873,8.58864810233381
"Gene_h",8.53409643211901,11.187393567364,8.47122205334015,8.67685208702332,11.1459902715719,10.8430070573752
