"Gene_Name","Sample_1.hi","Sample_2.hi","Sample_3.hi","Sample_4.low","Sample_5.low","Sample_1.low"
"Gene_a",2.84525858350867,4.05611902318969,3.30693321614254,3.7389761686649,4.49788379599294,3.88650434794445
"Gene_b",5.14495393932319,5.22561040674036,3.47639141069258,4.10114058462029,3.77499108262759,4.1825839278478
"Gene_c",2.90835708854252,4.62627920008012,3.94983766607973,6.07244216865691,5.51652798156785,4.29700710053773
"Gene_d",3.1438137696366,3.83593717703929,5.22567647642442,7.12063124644057,8.26087605495768,7.85213898546272
"Gene_e",10.5107239387768,8.19657745826054,10.8399410890412,2.85626608340874,3.01074871847057,2.04729530242089
"Gene_f",9.06634162731981,11.493571834627,11.3692107887583,1.96166593579578,0.819202278490697,3.12418192711696
"Gene_g",10.4424675463637,8.50491004133379,9.6288412192458,9.86432071920485,10.3486026994982,9.8199128251596
"Gene_h",10.9253336562419,11.1769202383416,10.8780329100467,10.1007728855182,9.09763968859398,9.70311851179084
