"Gene_Name","Sample_1.hi","Sample_2.hi","Sample_3.hi","Sample_4.low","Sample_5.low","Sample_1.low"
"Gene_a",5.27964780415777,3.32215397328674,4.41941852930172,4.23513448329732,4.88214696650206,3.43866217813758
"Gene_b",6.53680962848468,3.87334113166482,4.22763763199232,4.22808610738512,4.06137421934471,4.65386582019741
"Gene_c",3.81435012531974,3.23701183249051,3.39052401136253,4.7413916943451,4.81898087446925,4.18334819801052
"Gene_d",5.07032177115804,4.1164016367052,4.2794218954962,6.93846468563545,8.27780889957335,7.15557004210431
"Gene_e",11.8130935511029,8.90945915609052,11.7499341598057,6.5255829969548,3.8171560412444,3.2094915692995
"Gene_f",10.7146884502185,8.34687772501775,11.2170902598232,3.50104623981346,3.80782876141904,3.49079040097153
"Gene_g",11.849433695954,9.16490862013431,10.0704696751361,9.42008229905911,8.47729914729168,9.99031697213425
"Gene_h",10.5695366608843,9.39384853803841,10.1196457210412,10.1057710743611,11.7330430158741,9.72674508601299
